<PE_PROJECT_SETTINGS_DOCUMENTATION>
  <PE_product_version v="version 3.02 for Freescale HCS12(X) family"/>
  <PE_core_version v="Processor Expert Version 0444"/>

  <CPU_Bean name="Cpu" type="MC9S12XS256_80">
    <Enabled v="Y"/>

    <Properties>
      <Component_name v="Cpu"/>
      <CPU_type v="MC9S12XS128MAA"/>
      <list name="Shared clock settings - XDP512" v="1">
        <group name="Clock settings">
          <group name="Input clock">
            <Clock_type v="External clock source"/>
            <Clock_frequency__MHz_ v="16"/>
            <group name="Clock input pin">
              <Pin v="EXTAL"/>
              <Pin_signal v=""/>
            </group>
            <group name="Clock output pin">
              <Pin v="XTAL"/>
              <Pin_signal v=""/>
            </group>
          </group>
          <group name="Output clock">
            <boolgroup name="External clock" v="Disabled" />
            <boolgroup name="Fixed external clock" v="Disabled" />
          </group>
          <group name="Low-power modes settings">
            <Pseudo_stop v="no"/>
            <Fast_wake_up_from_full_stop_mode v="no"/>
            <PLL_stops_in_wait_mode v="no"/>
          </group>
          <Clock_monitor v="Enter Self clock mode"/>
        </group>
      </list>
      <list name="Shared interrupts settings - XDP512" v="1">
        <group name="Interrupts initialization">
          <Initialization_priority v="interrupts enabled"/>
        </group>
      </list>
      <list name="Shared internal resource mapping - XDP512" v="1">
        <group name="Internal resource mapping">
          <Direct_page_mapping v="0"/>
          <group name="Interrupt/Reset vector table">
            <group name="Reset vector table">
              <Address v="65530"/>
              <Size v="6"/>
            </group>
            <group name="Interrupt vector table">
              <Address v="65296"/>
              <Size v="234"/>
              <Init_IVBR_register v="yes"/>
            </group>
          </group>
        </group>
      </list>
      <list name="Shared external bus and user mode - XDP512" v="1">
        <group name="External bus and user mode">
          <Boot_operating_mode v="Special single-chip"/>
          <boolgroup name="Operating mode switching" v="no" />
          <enumgroup name="Operating mode settings" v="Special single-chip">
          </enumgroup>
        </group>
      </list>
      <group name="Internal peripherals">
        <list name="Shared BDM Module Settings" v="1">
          <group name="BDM Debug support">
            <Stop_COP_and_RTI_in_Active_BDM_mode v="no"/>
          </group>
        </list>
        <list name="Internal Peripherals IO" v="1">
          <group name="I/O module">
            <list name="Shared Unused I/O" v="1">
              <enumgroup name="Initialize unused I/O pins" v="no initialization">
              </enumgroup>
            </list>
            <list name="Shared Unbonded I/O" v="1">
              <enumgroup name="Initialize not-bonded I/O pins" v="output">
                <Pull_resistor v="no initialization"/>
                <Output_value v="no initialization"/>
              </enumgroup>
            </list>
            <group name="PORT A">
              <Reduced_drive_for_port_A v="no"/>
            </group>
            <group name="PORT AD0L">
              <Reduced_drive_for_PAD00 v="no"/>
              <Reduced_drive_for_PAD01 v="no"/>
              <Reduced_drive_for_PAD02 v="no"/>
              <Reduced_drive_for_PAD03 v="no"/>
              <Reduced_drive_for_PAD04 v="no"/>
              <Reduced_drive_for_PAD05 v="no"/>
              <Reduced_drive_for_PAD06 v="no"/>
              <Reduced_drive_for_PAD07 v="no"/>
            </group>
            <group name="PORT B">
              <Reduced_drive_for_port_B v="no"/>
            </group>
            <group name="PORT E">
              <Reduced_drive_for_port_E v="no"/>
            </group>
            <group name="PORT J">
              <Reduced_drive_for_PJ6 v="no"/>
              <Reduced_drive_for_PJ7 v="no"/>
            </group>
            <group name="PORT M">
              <Reduced_drive_for_PM0 v="no"/>
              <Reduced_drive_for_PM1 v="no"/>
              <Reduced_drive_for_PM2 v="no"/>
              <Reduced_drive_for_PM3 v="no"/>
              <Reduced_drive_for_PM4 v="no"/>
              <Reduced_drive_for_PM5 v="no"/>
            </group>
            <group name="PORT P">
              <Reduced_drive_for_PP0 v="no"/>
              <Reduced_drive_for_PP1 v="no"/>
              <Reduced_drive_for_PP2 v="no"/>
              <Reduced_drive_for_PP3 v="no"/>
              <Reduced_drive_for_PP4 v="no"/>
              <Reduced_drive_for_PP5 v="no"/>
              <Reduced_drive_for_PP7 v="no"/>
            </group>
            <group name="PORT S">
              <Reduced_drive_for_PS0 v="no"/>
              <Reduced_drive_for_PS1 v="no"/>
              <Reduced_drive_for_PS2 v="no"/>
              <Reduced_drive_for_PS3 v="no"/>
            </group>
            <group name="PORT T">
              <Reduced_drive_for_PT0 v="no"/>
              <Reduced_drive_for_PT1 v="no"/>
              <Reduced_drive_for_PT2 v="no"/>
              <Reduced_drive_for_PT3 v="no"/>
              <Reduced_drive_for_PT4 v="no"/>
              <Reduced_drive_for_PT5 v="no"/>
              <Reduced_drive_for_PT6 v="no"/>
              <Reduced_drive_for_PT7 v="no"/>
            </group>
          </group>
        </list>
        <list name="Shared PIT Module Settings" v="1">
        </list>
        <list name="Shared PWM Module Settings" v="1">
        </list>
        <list name="Shared TIM module settings" v="1">
        </list>
        <list name="Shared VREG module settings" v="1">
          <group name="Voltage Regulator">
            <Voltage_Access v="Temperature sense"/>
            <High_Temperature v="no"/>
          </group>
        </list>
        <list name="Shared Security settings" v="1">
          <group name="FLASH">
            <enumgroup name="Security state" v="Not initialized">
            </enumgroup>
          </group>
        </list>
      </group>
      <list name="Shared CPU interrupts - XDP512" v="1">
        <group name="CPU interrupts/resets">
          <boolgroup name="Clock monitor reset" v="Disabled" />
          <boolgroup name="IllegalOpcode" v="Disabled" />
          <boolgroup name="SWI" v="Disabled" />
          <boolgroup name="LVD" v="Disabled" />
          <boolgroup name="PLL" v="Disabled" />
          <boolgroup name="SCM" v="Disabled" />
          <boolgroup name="Spurious interrupt" v="Disabled" />
          <boolgroup name="High temperature interrupt" v="Disabled" />
        </group>
      </list>
      <list name="Shared speed modes settings" v="1">
        <group name="Enabled speed modes">
          <boolgroup name="High speed mode" v="Enabled">
            <Internal_bus_clock v="8"/>
            <boolgroup name="PLL clock" v="Disabled" />
          </boolgroup>
          <boolgroup name="Low speed mode" v="Disabled" />
          <boolgroup name="Slow speed mode" v="Disabled" />
        </group>
      </list>
    </Properties>

    <Methods>
      <list name="SharedCpuMethods" v="1">
        <SetHighSpeed v="don&apos;t generate code"/>
        <SetLowSpeed v="don&apos;t generate code"/>
        <SetSlowSpeed v="don&apos;t generate code"/>
        <GetSpeedMode v="don&apos;t generate code"/>
        <EnableInt v="generate code"/>
        <DisableInt v="generate code"/>
        <SetWaitMode v="don&apos;t generate code"/>
        <SetStopMode v="don&apos;t generate code"/>
        <Delay100US v="generate code"/>
        <SetIPL v="don&apos;t generate code"/>
        <GetLowVoltageFlag v="don&apos;t generate code"/>
        <GetPllLockStatusFlag v="don&apos;t generate code"/>
        <GetResetSource v="don&apos;t generate code"/>
      </list>
    </Methods>

    <Events>
      <Event_module_name v="Events"/>
      <list name="SharedCpuEvents" v="1">
        <event name="OnReset" v="don&apos;t generate code" />
        <event name="OnClockMonitorReset" v="don&apos;t generate code" />
        <event name="OnIllegalOpcode" v="don&apos;t generate code" />
        <event name="OnSwINT" v="don&apos;t generate code" />
        <event name="OnLvdStatusChanged" v="don&apos;t generate code" />
        <event name="OnHighTemperatureStatusChanged" v="don&apos;t generate code" />
        <event name="OnPllLockStatusChanged" v="don&apos;t generate code" />
        <event name="OnSCMChanged" v="don&apos;t generate code" />
        <event name="OnSpuriousInterrupt" v="don&apos;t generate code" />
      </list>
    </Events>
    <Compiler v="CodeWarrior HC12X C Compiler"/>

    <CompilerProperties>
      <Compiler v="CodeWarrior HCS12X C Compiler"/>
      <enumgroup name="Unhandled interrupts" v="One handler for all">
        <Interrupt_priority v="Don&apos;t initialize"/>
        <Unhandled_int_code>
/*lint -save -e950 Disable MISRA rule (1.1) checking. */
asm(BGND);
/*lint -restore Enable MISRA rule (1.1) checking. */
        </Unhandled_int_code>
      </enumgroup>
      <Generate_macros v="yes"/>
      <group name="User initialization">
        <User_data_declarations>
        </User_data_declarations>
        <User_code_before_PE_initialization>
        </User_code_before_PE_initialization>
        <User_code_after_PE_initialization>
        </User_code_after_PE_initialization>
      </group>
      <Memory_model v="Banked"/>
      <boolgroup name="Generate PRM file" v="yes">
        <enumgroup name="Stack specification" v="size">
          <Stack_size v="128"/>
        </enumgroup>
        <group name="Memory segments">
          <Set_default_memory_segments v="Click to set default &gt;"/>
          <list name="ROM/RAM segments" v="9">
            <boolgroup name="Segment0" v="Enabled">
              <Name v="RAM"/>
              <Qualifier v="READ_WRITE"/>
              <Address v="8192"/>
              <Size v="8192"/>
              <boolgroup name="Relocation" v="Disabled" />
              <boolgroup name="Align" v="Disabled" />
              <boolgroup name="Fill pattern" v="Disabled" />
              <Code_overlapping v="overlapping not specified"/>
              <Const_data_overlapping v="overlapping not specified"/>
            </boolgroup>
            <boolgroup name="Segment1" v="Disabled" />
            <boolgroup name="Segment2" v="Enabled">
              <Name v="ROM_C000"/>
              <Qualifier v="READ_ONLY"/>
              <Address v="49152"/>
              <Size v="16128"/>
              <boolgroup name="Relocation" v="Disabled" />
              <boolgroup name="Align" v="Disabled" />
              <boolgroup name="Fill pattern" v="Disabled" />
              <Code_overlapping v="overlapping not specified"/>
              <Const_data_overlapping v="overlapping not specified"/>
            </boolgroup>
            <boolgroup name="Segment3" v="Enabled">
              <Name v="PAGE_F8"/>
              <Qualifier v="READ_ONLY"/>
              <Address v="8257536"/>
              <Size v="16384"/>
              <boolgroup name="Relocation" v="Disabled" />
              <boolgroup name="Align" v="Disabled" />
              <boolgroup name="Fill pattern" v="Disabled" />
              <Code_overlapping v="overlapping not specified"/>
              <Const_data_overlapping v="overlapping not specified"/>
            </boolgroup>
            <boolgroup name="Segment4" v="Enabled">
              <Name v="PAGE_F9"/>
              <Qualifier v="READ_ONLY"/>
              <Address v="8273920"/>
              <Size v="16384"/>
              <boolgroup name="Relocation" v="Disabled" />
              <boolgroup name="Align" v="Disabled" />
              <boolgroup name="Fill pattern" v="Disabled" />
              <Code_overlapping v="overlapping not specified"/>
              <Const_data_overlapping v="overlapping not specified"/>
            </boolgroup>
            <boolgroup name="Segment5" v="Enabled">
              <Name v="PAGE_FA"/>
              <Qualifier v="READ_ONLY"/>
              <Address v="8290304"/>
              <Size v="16384"/>
              <boolgroup name="Relocation" v="Disabled" />
              <boolgroup name="Align" v="Disabled" />
              <boolgroup name="Fill pattern" v="Disabled" />
              <Code_overlapping v="overlapping not specified"/>
              <Const_data_overlapping v="overlapping not specified"/>
            </boolgroup>
            <boolgroup name="Segment6" v="Enabled">
              <Name v="PAGE_FB"/>
              <Qualifier v="READ_ONLY"/>
              <Address v="8306688"/>
              <Size v="16384"/>
              <boolgroup name="Relocation" v="Disabled" />
              <boolgroup name="Align" v="Disabled" />
              <boolgroup name="Fill pattern" v="Disabled" />
              <Code_overlapping v="overlapping not specified"/>
              <Const_data_overlapping v="overlapping not specified"/>
            </boolgroup>
            <boolgroup name="Segment7" v="Enabled">
              <Name v="PAGE_FC"/>
              <Qualifier v="READ_ONLY"/>
              <Address v="8323072"/>
              <Size v="16384"/>
              <boolgroup name="Relocation" v="Disabled" />
              <boolgroup name="Align" v="Disabled" />
              <boolgroup name="Fill pattern" v="Disabled" />
              <Code_overlapping v="overlapping not specified"/>
              <Const_data_overlapping v="overlapping not specified"/>
            </boolgroup>
            <boolgroup name="Segment8" v="Enabled">
              <Name v="PAGE_FE"/>
              <Qualifier v="READ_ONLY"/>
              <Address v="8355840"/>
              <Size v="16384"/>
              <boolgroup name="Relocation" v="Disabled" />
              <boolgroup name="Align" v="Disabled" />
              <boolgroup name="Fill pattern" v="Disabled" />
              <Code_overlapping v="overlapping not specified"/>
              <Const_data_overlapping v="overlapping not specified"/>
            </boolgroup>
          </list>
        </group>
        <list name="C_ImportUserPlacement" v="1">
          <boolgroup name="Customize placement" v="Disabled" />
        </list>
      </boolgroup>
    </CompilerProperties>
  </CPU_Bean>

  <Bean name="VSYNC" type="ExtInt">
    <Enabled v="Y"/>

    <Properties>
      <Component_name v="VSYNC"/>
      <Pin v="PJ7_KWJ7"/>
      <Pin_signal v=""/>
      <Pull_resistor sel_value="no pull resistor" v="autoselected pull"/>
      <Generate_interrupt_on v="falling edge"/>
      <Interrupt v="Vportj"/>
      <Interrupt_priority v="maximal priority"/>
      <group name="Initialization">
        <Enabled_in_init__code v="yes"/>
      </group>
    </Properties>

    <Methods>
      <Enable v="generate code"/>
      <Disable v="generate code"/>
      <GetVal v="don&apos;t generate code"/>
      <SetEdge v="don&apos;t generate code"/>
    </Methods>

    <Events>
      <Event_module_name v="Events"/>
      <event name="OnInterrupt" v="generate code">
        <Event_procedure_name v="VSYNC_OnInterrupt"/>
        <Priority v="same as interrupt"/>
      </event>
    </Events>
  </Bean>

  <Bean name="HREF" type="ExtInt">
    <Enabled v="Y"/>

    <Properties>
      <Component_name v="HREF"/>
      <Pin v="PJ6_KWJ6"/>
      <Pin_signal v=""/>
      <Pull_resistor sel_value="no pull resistor" v="autoselected pull"/>
      <Generate_interrupt_on v="rising edge"/>
      <Interrupt v="Vportj"/>
      <Interrupt_priority v="maximal priority"/>
      <group name="Initialization">
        <Enabled_in_init__code v="yes"/>
      </group>
    </Properties>

    <Methods>
      <Enable v="generate code"/>
      <Disable v="generate code"/>
      <GetVal v="don&apos;t generate code"/>
      <SetEdge v="don&apos;t generate code"/>
    </Methods>

    <Events>
      <Event_module_name v="Events"/>
      <event name="OnInterrupt" v="generate code">
        <Event_procedure_name v="HREF_OnInterrupt"/>
        <Priority v="same as interrupt"/>
      </event>
    </Events>
  </Bean>

  <Bean name="Pulse" type="PulseAccumulator">
    <Enabled v="Y"/>

    <Properties>
      <Component_name v="Pulse"/>
      <Counter v="PACNT"/>
      <boolgroup name="Interrupt service/event" v="Disabled" />
      <boolgroup name="Initialize input" v="Enabled">
        <Input_pin v="PT7_IOC7_PWM7"/>
        <Input_pin_signal v=""/>
        <Pull_resistor sel_value="no pull resistor" v="autoselected pull"/>
        <Edge sel_value="rising edge" v="rising or falling edge"/>
      </boolgroup>
      <boolgroup name="Mode" v="Event counter" />
      <group name="Initialization">
        <Enabled_in_init__code v="yes"/>
        <Events_enabled_in_init_ v="yes"/>
        <Stop_in_wait_mode v="no"/>
        <Stop_in_freeze_mode v="no"/>
      </group>
    </Properties>

    <Methods>
      <Enable v="don&apos;t generate code"/>
      <Disable v="don&apos;t generate code"/>
      <EnableEvent v="don&apos;t generate code"/>
      <DisableEvent v="don&apos;t generate code"/>
      <ResetCounter v="don&apos;t generate code"/>
      <SetCounter v="don&apos;t generate code"/>
      <GetCounterValue v="don&apos;t generate code"/>
    </Methods>

    <Events>
      <Event_module_name v="Events"/>
      <event name="BeforeNewSpeed" v="don&apos;t generate code" />
      <event name="AfterNewSpeed" v="don&apos;t generate code" />
      <event name="OnOverflow" v="don&apos;t generate code" />
      <event name="OnEdge" v="don&apos;t generate code" />
    </Events>
  </Bean>

  <Bean name="SCI" type="AsynchroSerial">
    <Enabled v="Y"/>

    <Properties>
      <Component_name v="SCI"/>
      <Channel v="SCI0"/>
      <boolgroup name="Interrupt service/event" v="Enabled">
        <Interrupt_RxD v="Vsci0"/>
        <Interrupt_RxD_priority v="maximal priority"/>
        <Interrupt_TxD v="Vsci0"/>
        <Interrupt_TxD_priority v="maximal priority"/>
        <Interrupt_Error v="Vsci0"/>
        <Interrupt_Error_priority v="maximal priority"/>
        <Input_buffer_size v="0"/>
        <Output_buffer_size v="0"/>
        <group name="Handshake">
          <boolgroup name="CTS" v="Disabled" />
          <boolgroup name="RTS" v="Disabled" />
        </group>
      </boolgroup>
      <group name="Settings">
        <Parity v="none"/>
        <Width v="8 bits"/>
        <Stop_bit v="1"/>
        <enumgroup name="SCI output mode" v="Normal">
        </enumgroup>
        <boolgroup name="Receiver" v="Enabled">
          <RxD v="PS0_RxD0"/>
          <RxD_pin_signal v=""/>
        </boolgroup>
        <boolgroup name="Transmitter" v="Enabled">
          <TxD v="PS1_TxD0"/>
          <TxD_pin_signal v=""/>
        </boolgroup>
        <Baud_rate v="9600 baud"/>
        <Break_signal v="Disabled"/>
        <Wakeup_condition v="Idle line wakeup"/>
        <Transmitter_output v="Not inverted"/>
        <Receiver_input v="Not inverted"/>
        <Stop_in_wait_mode v="no"/>
        <Idle_line_mode v="starts after start bit"/>
        <Break_generation_length v="10/11 bits"/>
        <boolgroup name="Infrared SCI output" v="Disabled" />
        <Active_edge_detection v="Disabled"/>
        <Bit_error_detection v="Disabled"/>
      </group>
      <group name="Initialization">
        <Enabled_in_init__code v="yes"/>
        <Events_enabled_in_init_ v="yes"/>
      </group>
      <group name="CPU clock/speed selection">
        <High_speed_mode v="This component enabled"/>
        <Low_speed_mode v="This component disabled"/>
        <Slow_speed_mode v="This component disabled"/>
      </group>
    </Properties>

    <Methods>
      <Enable v="don&apos;t generate code"/>
      <Disable v="don&apos;t generate code"/>
      <EnableEvent v="don&apos;t generate code"/>
      <DisableEvent v="don&apos;t generate code"/>
      <RecvChar v="generate code"/>
      <SendChar v="generate code"/>
      <RecvBlock v="don&apos;t generate code"/>
      <SendBlock v="don&apos;t generate code"/>
      <ClearRxBuf v="don&apos;t generate code"/>
      <ClearTxBuf v="don&apos;t generate code"/>
      <CharsInRxBuf v="don&apos;t generate code"/>
      <GetCharsInRxBuf v="don&apos;t generate code"/>
      <CharsInTxBuf v="don&apos;t generate code"/>
      <GetCharsInTxBuf v="don&apos;t generate code"/>
      <SetBaudRateMode v="don&apos;t generate code"/>
      <GetError v="don&apos;t generate code"/>
      <GetBreak v="don&apos;t generate code"/>
      <SetBreak v="don&apos;t generate code"/>
      <TurnTxOn v="don&apos;t generate code"/>
      <TurnTxOff v="don&apos;t generate code"/>
      <TurnRxOn v="don&apos;t generate code"/>
      <TurnRxOff v="don&apos;t generate code"/>
      <LoopMode v="don&apos;t generate code"/>
      <SetIdle v="don&apos;t generate code"/>
      <Standby v="don&apos;t generate code"/>
      <SetDirection v="don&apos;t generate code"/>
      <GetRxIdle v="don&apos;t generate code"/>
      <GetTxComplete v="don&apos;t generate code"/>
      <EnableRxEdgeDetect v="don&apos;t generate code"/>
      <DisableRxEdgeDetect v="don&apos;t generate code"/>
    </Methods>

    <Events>
      <Event_module_name v="Events"/>
      <event name="BeforeNewSpeed" v="don&apos;t generate code" />
      <event name="AfterNewSpeed" v="don&apos;t generate code" />
      <event name="OnError" v="generate code">
        <Event_procedure_name v="SCI_OnError"/>
        <Priority v="same as interrupt"/>
      </event>
      <event name="OnRxChar" v="generate code">
        <Event_procedure_name v="SCI_OnRxChar"/>
        <Priority v="same as interrupt"/>
      </event>
      <event name="OnRxCharExt" v="don&apos;t generate code" />
      <event name="OnTxChar" v="generate code">
        <Event_procedure_name v="SCI_OnTxChar"/>
        <Priority v="same as interrupt"/>
      </event>
      <event name="OnFullRxBuf" v="don&apos;t generate code" />
      <event name="OnFreeTxBuf" v="don&apos;t generate code" />
      <event name="OnBreak" v="don&apos;t generate code" />
      <event name="OnIdle" v="don&apos;t generate code" />
      <event name="OnTxComplete" v="don&apos;t generate code" />
      <event name="OnRxActiveEdge" v="don&apos;t generate code" />
    </Events>
  </Bean>

  <Bean name="Pitms" type="TimerInt">
    <Enabled v="Y"/>

    <Properties>
      <Component_name v="Pitms"/>
      <Periodic_interrupt_source v="PITload0"/>
      <Counter v="PIT0"/>
      <boolgroup name="Interrupt service/event" v="Enabled">
        <Interrupt v="Vpit0"/>
        <Interrupt_priority v="medium priority"/>
      </boolgroup>
      <Interrupt_period v="1 ms"/>
      <Same_period_in_modes v="yes"/>
      <Component_uses_entire_timer v="no"/>
      <group name="Initialization">
        <Enabled_in_init__code v="yes"/>
        <Events_enabled_in_init_ v="yes"/>
        <Stop_in_wait_mode v="no"/>
        <Stop_in_freeze_mode v="no"/>
      </group>
      <group name="CPU clock/speed selection">
        <High_speed_mode v="This component enabled"/>
        <Low_speed_mode v="This component disabled"/>
        <Slow_speed_mode v="This component disabled"/>
      </group>
    </Properties>

    <Methods>
      <Enable v="generate code"/>
      <Disable v="don&apos;t generate code"/>
      <EnableEvent v="don&apos;t generate code"/>
      <DisableEvent v="don&apos;t generate code"/>
      <SetPeriodMode v="don&apos;t generate code"/>
      <SetPeriodTicks16 v="don&apos;t generate code"/>
      <SetPeriodTicks32 v="don&apos;t generate code"/>
      <SetPeriodUS v="don&apos;t generate code"/>
      <SetPeriodMS v="don&apos;t generate code"/>
      <SetPeriodSec v="don&apos;t generate code"/>
      <SetPeriodReal v="don&apos;t generate code"/>
      <SetFreqHz v="don&apos;t generate code"/>
      <SetFreqkHz v="don&apos;t generate code"/>
      <SetFreqMHz v="don&apos;t generate code"/>
    </Methods>

    <Events>
      <Event_module_name v="Events"/>
      <event name="BeforeNewSpeed" v="don&apos;t generate code" />
      <event name="AfterNewSpeed" v="don&apos;t generate code" />
      <event name="OnInterrupt" v="generate code">
        <Event_procedure_name v="Pitms_OnInterrupt"/>
        <Priority v="same as interrupt"/>
      </event>
    </Events>
  </Bean>

  <Bean name="MotRigPWM" type="PWM">
    <Enabled v="Y"/>

    <Properties>
      <Component_name v="MotRigPWM"/>
      <PWM_or_PPG_device v="PWMPER45"/>
      <Duty_compare v="PWMDTY45"/>
      <Output_pin v="PP5_KWP5_PWM5"/>
      <Output_pin_signal v=""/>
      <Counter v="PWM45"/>
      <boolgroup name="Interrupt service/event" v="Disabled" />
      <Stop_in_wait_mode v="no"/>
      <Stop_in_freeze_mode v="no"/>
      <Emergency_shutdown_feature v="Disabled"/>
      <boolgroup name="Shutdown pin settings" v="Disabled" />
      <Period v="10 kHz"/>
      <Starting_pulse_width v="10 kHz"/>
      <Aligned v="Left"/>
      <Initial_polarity v="low"/>
      <Same_period_in_modes v="no"/>
      <Component_uses_entire_timer v="no"/>
      <group name="Initialization">
        <Enabled_in_init__code v="yes"/>
        <Events_enabled_in_init_ v="yes"/>
      </group>
      <group name="CPU clock/speed selection">
        <High_speed_mode v="This component enabled"/>
        <Low_speed_mode v="This component disabled"/>
        <Slow_speed_mode v="This component disabled"/>
      </group>
    </Properties>

    <Methods>
      <Enable v="don&apos;t generate code"/>
      <Disable v="don&apos;t generate code"/>
      <EnableEvent v="don&apos;t generate code"/>
      <DisableEvent v="don&apos;t generate code"/>
      <SetRatio8 v="don&apos;t generate code"/>
      <SetRatio16 v="generate code"/>
      <SetDutyTicks16 v="don&apos;t generate code"/>
      <SetDutyTicks32 v="don&apos;t generate code"/>
      <SetDutyUS v="don&apos;t generate code"/>
      <SetDutyMS v="don&apos;t generate code"/>
      <SetDutySec v="don&apos;t generate code"/>
      <SetDutyReal v="don&apos;t generate code"/>
      <SetDutyMode v="don&apos;t generate code"/>
      <SetValue v="don&apos;t generate code"/>
      <ClrValue v="don&apos;t generate code"/>
      <RestartPWM v="don&apos;t generate code"/>
      <GetShutdownStatus v="don&apos;t generate code"/>
    </Methods>

    <Events>
      <Event_module_name v="Events"/>
      <event name="BeforeNewSpeed" v="don&apos;t generate code" />
      <event name="AfterNewSpeed" v="don&apos;t generate code" />
      <event name="OnEnd" v="don&apos;t generate code" />
      <event name="OnShutdown" v="don&apos;t generate code" />
    </Events>
  </Bean>

  <Bean name="MotLefPWM" type="PWM">
    <Enabled v="Y"/>

    <Properties>
      <Component_name v="MotLefPWM"/>
      <PWM_or_PPG_device v="PWMPER01"/>
      <Duty_compare v="PWMDTY01"/>
      <Output_pin v="PP1_KWP1_PWM1_IOC1"/>
      <Output_pin_signal v=""/>
      <Counter v="PWM01"/>
      <boolgroup name="Interrupt service/event" v="Disabled" />
      <Stop_in_wait_mode v="no"/>
      <Stop_in_freeze_mode v="no"/>
      <Emergency_shutdown_feature v="Disabled"/>
      <boolgroup name="Shutdown pin settings" v="Disabled" />
      <Period v="10 kHz"/>
      <Starting_pulse_width v="10 kHz"/>
      <Aligned v="Left"/>
      <Initial_polarity v="low"/>
      <Same_period_in_modes v="no"/>
      <Component_uses_entire_timer v="no"/>
      <group name="Initialization">
        <Enabled_in_init__code v="yes"/>
        <Events_enabled_in_init_ v="yes"/>
      </group>
      <group name="CPU clock/speed selection">
        <High_speed_mode v="This component enabled"/>
        <Low_speed_mode v="This component disabled"/>
        <Slow_speed_mode v="This component disabled"/>
      </group>
    </Properties>

    <Methods>
      <Enable v="don&apos;t generate code"/>
      <Disable v="don&apos;t generate code"/>
      <EnableEvent v="don&apos;t generate code"/>
      <DisableEvent v="don&apos;t generate code"/>
      <SetRatio8 v="don&apos;t generate code"/>
      <SetRatio16 v="generate code"/>
      <SetDutyTicks16 v="don&apos;t generate code"/>
      <SetDutyTicks32 v="don&apos;t generate code"/>
      <SetDutyUS v="don&apos;t generate code"/>
      <SetDutyMS v="don&apos;t generate code"/>
      <SetDutySec v="don&apos;t generate code"/>
      <SetDutyReal v="don&apos;t generate code"/>
      <SetDutyMode v="don&apos;t generate code"/>
      <SetValue v="don&apos;t generate code"/>
      <ClrValue v="don&apos;t generate code"/>
      <RestartPWM v="don&apos;t generate code"/>
      <GetShutdownStatus v="don&apos;t generate code"/>
    </Methods>

    <Events>
      <Event_module_name v="Events"/>
      <event name="BeforeNewSpeed" v="don&apos;t generate code" />
      <event name="AfterNewSpeed" v="don&apos;t generate code" />
      <event name="OnEnd" v="don&apos;t generate code" />
      <event name="OnShutdown" v="don&apos;t generate code" />
    </Events>
  </Bean>

  <Bean name="SW" type="ByteIO">
    <Enabled v="Y"/>

    <Properties>
      <Component_name v="SW"/>
      <Port v="AD0L"/>
      <Port_signal v=""/>
      <Pull_resistor v="pull up"/>
      <Open_drain sel_value="The settings is irrelevant for input direction" v="push-pull"/>
      <Direction v="Input"/>
      <group name="Initialization">
        <Init__direction v="Input"/>
        <Init__value v="0"/>
      </group>
      <Safe_mode v="yes"/>
      <group name="PORT AD0L">
        <Reduced_drive_for_PAD00 v="no"/>
        <Reduced_drive_for_PAD01 v="no"/>
        <Reduced_drive_for_PAD02 v="no"/>
        <Reduced_drive_for_PAD03 v="no"/>
        <Reduced_drive_for_PAD04 v="no"/>
        <Reduced_drive_for_PAD05 v="no"/>
        <Reduced_drive_for_PAD06 v="no"/>
        <Reduced_drive_for_PAD07 v="no"/>
      </group>
    </Properties>

    <Methods>
      <GetDir v="don&apos;t generate code"/>
      <SetDir v="don&apos;t generate code"/>
      <SetInput v="don&apos;t generate code"/>
      <SetOutput v="don&apos;t generate code"/>
      <GetVal v="generate code"/>
      <PutVal v="don&apos;t generate code"/>
      <GetBit v="generate code"/>
      <PutBit v="don&apos;t generate code"/>
      <SetBit v="don&apos;t generate code"/>
      <ClrBit v="don&apos;t generate code"/>
      <NegBit v="don&apos;t generate code"/>
      <GetRawVal v="don&apos;t generate code"/>
      <GetRawBit v="don&apos;t generate code"/>
    </Methods>

    <Events>
    </Events>
  </Bean>

</PE_PROJECT_SETTINGS_DOCUMENTATION>
